{
  "name": "angular-cookies",
  "version": "1.2.22",
  "main": "./angular-cookies.js",
  "dependencies": {
    "angular": "1.2.22"
  },
  "homepage": "https://github.com/angular/bower-angular-cookies",
  "_release": "1.2.22",
  "_resolution": {
    "type": "version",
    "tag": "v1.2.22",
    "commit": "ecbfd5af71b93f9385e24f6e8a117058aae260be"
  },
  "_source": "git://github.com/angular/bower-angular-cookies.git",
  "_target": "~1.2.21",
  "_originalSource": "angular-cookies"
}